{"means": [[0.035000656687389546, -0.3819550515693949, 0.02041744153735054, 0.060030211116148306, 0.07893694684139194], [0.025460340035178636, -0.3788967943238449, 0.022991931789423593, 0.06030489067064798, 0.07158177991715176], [-0.06125955918856489, 0.7708704275048179, -0.043980249356120306, -0.12191942571507904, -0.15250246437995024]], "covars": [[[0.40205517188186146, -0.06513030947655032, -0.03183952006723793, 0.20714357953641538, 0.4953497387450769], [-0.06513030947655031, 0.17676925898772022, 0.04954906586793224, -0.07133902405560973, -0.09343519081933875], [-0.031839520067237934, 0.04954906586793226, 1.4523709568252319, -0.16128329664967458, -0.06472472642198392], [0.20714357953641535, -0.07133902405560973, -0.16128329664967464, 0.3844488356735226, 0.2575989493713861], [0.49534973874507693, -0.09343519081933875, -0.06472472642198392, 0.2575989493713861, 1.0659877255789871]], [[0.39770102719764566, -0.07309249090877995, -0.02695051506655456, 0.21509533940677159, 0.49255968909130016], [-0.07309249090877995, 0.1768526466238882, 0.048942199909666854, -0.07310693632045058, -0.09982656019064817], [-0.02695051506655456, 0.04894219990966686, 1.4530378486545, -0.1547549015184633, -0.06004816875313376], [0.21509533940677164, -0.07310693632045058, -0.1547549015184633, 0.38827470373982126, 0.26164552597959184], [0.49255968909130016, -0.09982656019064819, -0.060048168753133756, 0.26164552597959184, 1.0659429559294844]], [[2.2104321687992194, -0.9940386476007858, -0.11216395009227123, 1.0516828673070027, 0.9310509515605044], [-0.9940386476007858, 1.7805871381416465, 0.184452487175609, -1.3755651510951008, -0.22525747646903715], [-0.11216395009227123, 0.184452487175609, 0.07981537817200914, -0.12678320934814843, 0.00805708915349657], [1.0516828673070027, -1.3755651510951008, -0.12678320934814843, 2.2212737497952384, 0.4870689503424821], [0.9310509515605044, -0.22525747646903724, 0.00805708915349657, 0.487068950342482, 0.8316077321620869]]], "transmat": [[2.0983348392002014e-07, 0.9999997900834023, 8.311370974509291e-11], [0.9695363803343533, 2.356544025134964e-06, 0.03046126312162149], [0.030830347844172004, 2.2453451964800207e-06, 0.9691674068106315]], "startprob": [1.0, 5.414944816401861e-68, 0.0], "n_components": 3, "scaler_mean": [0.12648735833363045, 0.14505522304030466, 1.0467320763213301, 2.8789024768743188, 0.5510472279260781], "scaler_scale": [0.5396645547479099, 0.06695963814072386, 0.4578982753414208, 6.308080962778158, 0.0987391343930735], "feature_cols": ["rolling_return", "volatility", "volume_trend", "momentum_roc", "breadth"], "bic_score": 61859221.98022117}