{"means": [[0.12020783754948866, -0.3092546219106717, -0.28126237711591795, 0.19676163904437036, 0.08130088657993811], [-0.3992171753442433, 1.0270524712709372, 0.9340886086283671, -0.6534567741729992, -0.27000494273144093]], "covars": [[[0.39667673492967087, -0.04223490846594107, 0.006898700931632098, 0.195284168438225, 0.44943962511618], [-0.04223490846594107, 0.2044398744282279, 0.014381207350522989, -0.035556436642243304, -0.09218118682950785], [0.0068987009316321055, 0.014381207350522958, 0.35091848355009525, -0.03407223675689918, 0.013700289141659742], [0.195284168438225, -0.03555643664224329, -0.03407223675689917, 0.4829193655243318, 0.20449862304090674], [0.44943962511618, -0.09218118682950785, 0.013700289141659742, 0.20449862304090674, 1.0116448029102107]], [[2.7963435488733905, -1.0451007646424801, 0.22051426195072155, 1.1335048906656318, 1.1411224752651163], [-1.0451007646424801, 2.269679156038711, -0.9629623581494723, -1.3827469134287809, -0.18219274174917416], [0.22051426195072155, -0.9629623581494723, 2.020427221267807, 0.2754343311831038, 0.12344174543110717], [1.1335048906656315, -1.3827469134287809, 0.27543433118310384, 2.16170919349135, 0.5613678816792856], [1.1411224752651163, -0.18219274174917416, 0.12344174543110717, 0.5613678816792856, 0.8665081320703779]]], "transmat": [[0.9890687752843036, 0.010931224715696415], [0.036029840817933236, 0.9639701591820667]], "startprob": [1.0, 6.552140040794169e-66], "n_components": 2, "scaler_mean": [0.1257875674641021, 0.14509019128088407, 1.0463571919855115, 2.8687509383909404, 0.5508216926869351], "scaler_scale": [0.5391417429015641, 0.06696555692615948, 0.45831642568562403, 6.2955377944609605, 0.09839166074897247], "feature_cols": ["rolling_return", "volatility", "volume_trend", "momentum_roc", "breadth"], "bic_score": 62394133.56637024}