{"means": [[0.27411870219805684, -0.25096725765436967, -0.07609832080956623, 0.2121894777739545, 0.1471218485476117], [0.2693539128959043, -0.266564300607461, -0.057305343305963555, 0.21432111229602618, 0.14568260821932977], [-1.7534704479272947, 1.6697745228822194, 0.430415437549452, -1.3761021640956195, -0.9447099485312321]], "covars": [[[0.25077888397315284, 0.2014514879668636, 0.009628718960572647, -0.09695446414655873, 0.31550368681691165], [0.20145148796686366, 0.3724507425132133, -0.019271589217118426, -0.23715351671190693, 0.26876550953816464], [0.009628718960572654, -0.019271589217118412, 1.1011131884740664, -0.05544012717612911, -0.06424574020204542], [-0.0969544641465587, -0.23715351671190693, -0.05544012717612911, 0.6700280288983322, -0.024439000948389043], [0.31550368681691165, 0.2687655095381646, -0.06424574020204542, -0.024439000948389057, 0.8001157253097334]], [[0.2680713956699231, 0.1858502659676438, 0.00843597670519482, -0.08739685790517986, 0.34698445027141617], [0.1858502659676438, 0.34616144982117136, -0.031237848108203032, -0.2334592524596551, 0.24941739424616444], [0.00843597670519482, -0.03123784810820302, 1.1282780323068324, -0.05281782122440135, -0.0238910290207325], [-0.08739685790517986, -0.23345925245965507, -0.05281782122440135, 0.6454278304707359, -0.005129338568766144], [0.34698445027141617, 0.24941739424616446, -0.023891029020732507, -0.00512933856876613, 0.8226482941982753]], [[2.228373215645982, -1.1768054100544856, -0.2919707276495994, 1.159569461094467, 1.2326159061157085], [-1.1768054100544856, 1.9144159193311052, 0.1683174280449244, -1.311295590865697, 0.055207930516058185], [-0.2919707276495994, 0.1683174280449244, 0.04609032302914513, -0.1549147534623554, -0.16158292247217626], [1.159569461094467, -1.311295590865697, -0.1549147534623554, 1.0222422908965945, 0.27598589402427737], [1.2326159061157085, 0.055207930516058185, -0.16158292247217626, 0.27598589402427737, 1.1870731133317522]]], "transmat": [[2.7649572793010624e-08, 0.9999999691125651, 3.23786211734496e-09], [0.9845487882589239, 2.0036500580305007e-06, 0.015449208091017982], [0.04984512303509419, 1.761435466023049e-14, 0.9501548769648882]], "startprob": [2.1275482189111065e-12, 0.9999999999978724, 0.0], "n_components": 3, "scaler_mean": [-0.02379093177065583, 0.1966019953299995, 1.1450226815639974, -1.3487964449514156, 0.518046357615894], "scaler_scale": [1.0351408076329416, 0.13426033474723068, 0.4995892860535478, 10.818358519048656, 0.07803775939060877], "feature_cols": ["rolling_return", "volatility", "volume_trend", "momentum_roc", "breadth"], "bic_score": 832183.0478216208}