{"means": [[0.034145437979649265, -0.38171836640289036, 0.021519778734870144, 0.058363018054190224, 0.07795166810151531], [0.024559875359628728, -0.3779729137354788, 0.021415539840691004, 0.05926153713570707, 0.0706484674595044], [-0.05935915797323963, 0.7681890730677322, -0.04341561926289948, -0.1189407350113773, -0.15026035825890033]], "covars": [[[0.4011563656758591, -0.0650356755616029, -0.031568742331151416, 0.20489573029331998, 0.4941197503358156], [-0.0650356755616029, 0.17696781816638893, 0.04950616365290675, -0.07101689192251265, -0.09340517967689663], [-0.031568742331151416, 0.04950616365290675, 1.452390420907375, -0.16134438007735308, -0.06428639681804023], [0.20489573029331998, -0.07101689192251265, -0.1613443800773531, 0.3811313616451398, 0.25406830751152765], [0.4941197503358156, -0.09340517967689663, -0.06428639681804023, 0.25406830751152765, 1.0662150129653847]], [[0.3958391185471179, -0.07272389427231062, -0.027729976907452006, 0.2120730989700336, 0.48991835334226796], [-0.07272389427231063, 0.17728566574004606, 0.04758599005934164, -0.07210303265983053, -0.09934395369729115], [-0.027729976907452006, 0.047585990059341624, 1.4550521880631377, -0.15733483209822546, -0.06154621796495455], [0.2120730989700336, -0.07210303265983053, -0.15733483209822546, 0.38433357837328097, 0.2570845383340814], [0.48991835334226796, -0.09934395369729117, -0.06154621796495457, 0.2570845383340814, 1.0633188106966893]], [[2.211189569535621, -0.9951494455991577, -0.11221644345238863, 1.0539435580749383, 0.933381581338133], [-0.9951494455991577, 1.7822808127863927, 0.18444899191387903, -1.379002886490044, -0.22741581474419476], [-0.11221644345238863, 0.18444899191387903, 0.07962499011999233, -0.12702231264752034, 0.007727527268699535], [1.0539435580749383, -1.379002886490044, -0.1270223126475203, 2.227239999058833, 0.4900290553645226], [0.9333815813381331, -0.22741581474419476, 0.00772752726869954, 0.4900290553645226, 0.8352858209569147]]], "transmat": [[2.4475275793222727e-07, 0.9999997478297068, 7.4175352308074235e-09], [0.9696910627721268, 2.6759557823934423e-06, 0.030306261272090837], [0.030634842101436802, 1.382315486467692e-06, 0.9693637755830766]], "startprob": [1.63570768212429e-67, 1.0, 0.0], "n_components": 3, "scaler_mean": [0.12615761063427786, 0.14507499843805274, 1.0463699966562474, 2.8744640113857316, 0.5509445585215605], "scaler_scale": [0.5393400949941224, 0.06695600047378829, 0.4582196857431396, 6.300552612962515, 0.09855803805190536], "feature_cols": ["rolling_return", "volatility", "volume_trend", "momentum_roc", "breadth"], "bic_score": 61861548.31303872}