{"means": [[0.13451405089928334, -0.44353679867648316, -0.10615422877676169, 0.08773212450533521, 0.13149212927829163], [-0.4585095275082199, 1.7218472609445652, 0.051620908206328996, -0.866784414554249, -0.23379230555490133], [-0.054180906436291365, -0.2382647567270162, 2.959063307672086, -0.2747986191786619, -0.20211399012569656], [0.008796595235206492, -0.05247307411814188, -0.5633119810211628, 0.3769636005082218, -0.06603217775573982], [0.13645215464560415, -0.43434551151707185, -0.10575545122386978, 0.07884744895518458, 0.13028997423374591]], "covars": [[[0.37844628870320607, -0.05936253700112134, 0.01599042116741584, 0.15812470715586263, 0.4546761005229993], [-0.05936253700112136, 0.13647963470434837, 0.0061482728492173325, -0.08510590402281362, -0.14108418723879618], [0.01599042116741584, 0.0061482728492173325, 0.019480712500642983, -0.0051295986891703805, -0.0012561506761340025], [0.15812470715586266, -0.08510590402281362, -0.0051295986891703805, 0.43338296963267203, 0.22034657301372376], [0.4546761005229994, -0.1410841872387962, -0.0012561506761340025, 0.22034657301372376, 1.1658797780049808]], [[4.083689389729133, -1.3882192784771903, -0.22621395307607442, 1.5778726278368242, 1.6572767757185476], [-1.3882192784771903, 2.0725877169848954, 0.24917074493235433, -1.6209234719831638, -0.2942691500219646], [-0.2262139530760744, 0.24917074493235428, 0.10151461101174737, -0.11245545326659905, 0.029962260653159656], [1.5778726278368247, -1.6209234719831638, -0.11245545326659905, 2.811353161784018, 0.7425310863354475], [1.6572767757185476, -0.2942691500219646, 0.029962260653159656, 0.7425310863354475, 1.1764807556133494]], [[0.2968821946744548, -0.012652873262541777, -0.02480092512494129, 0.05271722612614739, 0.23781791975573005], [-0.012652873262541787, 0.2992301375858958, 0.026294333829339767, -0.17529339966032248, 0.006033873526615263], [-0.02480092512494129, 0.026294333829339767, 0.17104108963106085, -0.013645602643522617, 0.013825937670858861], [0.05271722612614738, -0.1752933996603225, -0.013645602643522617, 0.3594437176502874, 0.09559255765242645], [0.23781791975573005, 0.0060338735266152735, 0.013825937670858861, 0.09559255765242645, 0.5024993740772719]], [[0.5310131954499197, -0.05921143228554821, -0.02119905992673725, 0.3955576395010454, 0.4607292672767864], [-0.0592114322855482, 0.22974775060164282, 0.13990739679798034, -0.054826419993020285, 0.009781756578219862], [-0.021199059926737228, 0.13990739679798037, 0.9853684968080867, -0.00286928400932923, -0.007418424803822771], [0.3955576395010454, -0.054826419993020285, -0.00286928400932923, 0.6667347911873039, 0.29703262837259775], [0.4607292672767864, 0.00978175657821986, -0.007418424803822771, 0.29703262837259775, 0.6591348183920388]], [[0.3723339147597, -0.05944085730007743, 0.015658939072694496, 0.15413163779440425, 0.4461625786897944], [-0.05944085730007745, 0.1440976912845853, 0.006127383783611649, -0.08778151593460326, -0.1423124501638832], [0.015658939072694496, 0.006127383783611649, 0.019074625977998857, -0.005421170180228154, -0.0018463805707848665], [0.15413163779440428, -0.08778151593460326, -0.005421170180228151, 0.4259402704583117, 0.2122914222247004], [0.4461625786897944, -0.1423124501638832, -0.0018463805707848665, 0.2122914222247004, 1.1547435619759678]]], "transmat": [[1.7412449078379528e-09, 1.037055079328871e-12, 3.856542828044638e-25, 0.023540662770874913, 0.976459335486843], [2.366956416592943e-09, 0.9687240519194326, 0.002793307198988492, 0.011639896273026234, 0.016842742241596338], [1.0081503770195804e-83, 0.0, 0.9461028966008672, 0.047877019306984056, 0.006020084092148715], [3.2848870170635854e-19, 0.008353551574895523, 0.0064509848296751895, 0.9604497400071164, 0.024745723588312847], [0.9842264415990423, 0.008997069390510348, 0.00580355328117062, 1.5415810517269385e-06, 0.0009713941482251214]], "startprob": [0.0, 0.0, 0.0, 1.0, 0.0], "n_components": 5, "scaler_mean": [0.1257875674641021, 0.14509019128088407, 1.0463571919855115, 2.8687509383909404, 0.5508216926869351], "scaler_scale": [0.5391417429015641, 0.06696555692615948, 0.45831642568562403, 6.2955377944609605, 0.09839166074897247], "feature_cols": ["rolling_return", "volatility", "volume_trend", "momentum_roc", "breadth"], "bic_score": 47533011.42956606}