{"means": [[0.06972381295697004, -0.5335470600416506, -0.4111147706490205, 0.20691882828845473, 0.145433526907456], [0.06789160201273384, -0.5245858791418628, -0.4041921934752388, 0.2079350528442724, 0.13968226152258037], [-0.015428612618888648, 0.4510318899636708, -0.034469515265203345, -0.01427879374455096, -0.1379260074453716], [-1.3243825541916774, 4.2989248701691425, 0.30945761667209565, -3.821938865391964, -0.271340666792686], [0.014594746759884966, -0.230276793434929, 2.903706466736291, -0.19128819504015424, -0.11195905466805064]], "covars": [[[0.40780261053511774, -0.06481256149890936, -0.0026864552680207657, 0.2382584663786811, 0.5467901667505697], [-0.06481256149890936, 0.11110737617285742, -0.06616734673810541, -0.03853220836864167, -0.09740445772276458], [-0.002686455268020754, -0.06616734673810541, 0.5257796560804626, -0.03774643177661815, 0.04556468089616679], [0.2382584663786811, -0.03853220836864165, -0.03774643177661817, 0.43471816479576475, 0.2676579859037032], [0.5467901667505697, -0.09740445772276458, 0.0455646808961668, 0.2676579859037032, 1.2065090316536242]], [[0.4172490063843056, -0.06734392376399291, 0.004378250205133248, 0.24058106606364874, 0.5584359777558683], [-0.0673439237639929, 0.11430494319189967, -0.06821236689749244, -0.042259851609680744, -0.10012571612456622], [0.004378250205133248, -0.06821236689749244, 0.5044606607190901, -0.04675978632650562, 0.049188884903270835], [0.24058106606364874, -0.042259851609680744, -0.04675978632650559, 0.44668437867618144, 0.2711215300781192], [0.5584359777558683, -0.10012571612456622, 0.049188884903270835, 0.2711215300781192, 1.2254117779892488]], [[0.9285666588184057, -0.24641254612070992, 0.015910477781763643, 0.4685833276555162, 0.5859471627766839], [-0.24641254612070992, 0.4840392072814519, 0.02701862125286393, -0.18595879219476616, -0.08832127974700076], [0.01591047778176364, 0.02701862125286393, 0.0765066370416578, -0.008406546803622433, 0.018414071376779608], [0.4685833276555162, -0.18595879219476616, -0.008406546803622432, 0.9563756131510689, 0.34225897795556104], [0.5859471627766838, -0.08832127974700076, 0.01841407137677962, 0.3422589779555611, 0.7396273168219513]], [[16.003333958715373, -5.458947009152469, -1.6539091815000646, 2.498329428795717, 4.2381364355000395], [-5.458947009152469, 4.459044792382065, 0.7817078422947605, -1.3925043384664773, -1.2139956673051289], [-1.6539091815000646, 0.7817078422947605, 0.2148151988534544, -0.2772514690948215, -0.40888580435647837], [2.498329428795717, -1.3925043384664773, -0.27725146909482173, 0.6673375026121929, 0.7084958655795046], [4.2381364355000395, -1.2139956673051289, -0.4088858043564783, 0.7084958655795046, 1.4078523367566043]], [[0.35517134855188337, -0.005774651184925207, -0.09544371275099832, 0.14032207793038298, 0.3181268970529407], [-0.005774651184925204, 0.2835984967670998, 0.016971937087189803, -0.1582899673064185, 0.012381335349345431], [-0.09544371275099832, 0.016971937087189644, 0.22014244282943896, -0.09889101547660444, -0.08105967742477618], [0.14032207793038298, -0.1582899673064185, -0.09889101547660444, 0.4525799555178582, 0.20741725780243708], [0.3181268970529407, 0.012381335349345405, -0.08105967742477627, 0.20741725780243706, 0.5926433357147836]]], "transmat": [[2.0289685412672205e-10, 0.994432837153897, 6.781287935357381e-11, 0.0, 0.005567162575393528], [0.9600697154544946, 5.715152787794761e-05, 0.03625805453885401, 0.0, 0.003615078478773614], [5.192125444787898e-13, 0.019604224233013282, 0.9758616217883198, 0.0010000489193315912, 0.0035341050588161495], [0.0, 0.0, 0.018883346219959872, 0.9811166537800401, 0.0], [0.04560017501664129, 3.8054058146873166e-13, 0.005652615489088529, 0.0, 0.9487472094938896]], "startprob": [1.0, 1.2739030294552163e-214, 0.0, 0.0, 0.0], "n_components": 5, "scaler_mean": [0.12648735833363045, 0.14505522304030466, 1.0467320763213301, 2.8789024768743188, 0.5510472279260781], "scaler_scale": [0.5396645547479099, 0.06695963814072386, 0.4578982753414208, 6.308080962778158, 0.0987391343930735], "feature_cols": ["rolling_return", "volatility", "volume_trend", "momentum_roc", "breadth"], "bic_score": 52790562.59748541}