{"means": [[-0.18332139135103712, -0.15885409714881663, -0.07229283994639184, -0.13901672394663672, -0.4022063306787565], [0.40499498821146157, 0.05888300598821003, -0.18213652861401797, 0.4941006314561093, 0.7227151193111089], [-0.0444281396343227, -0.22765179540659958, 0.3173391361907411, 0.07409089388741714, -0.1127938611596466], [-0.747507796056793, 3.057127738069512, 0.30009704844233726, -2.849218701266079, -0.15568752367925315]], "covars": [[[0.5234114578770798, -0.2802922561794379, 0.004017065240882898, 0.312088310441985, 0.3129043284892605], [-0.2802922561794379, 0.43943952562751043, 0.01835288966455999, -0.2719795547936516, -0.162899422361644], [0.004017065240882898, 0.018352889664559988, 0.013492770751521862, -0.00352993227208079, -9.81508612785499e-05], [0.312088310441985, -0.2719795547936516, -0.00352993227208079, 0.4898974098772135, 0.1652791690718805], [0.3129043284892605, -0.16289942236164395, -9.81508612785499e-05, 0.16527916907188048, 0.5264402629472148]], [[0.5490295468042908, -0.10706601988335361, 0.09747784112790892, 0.1499192879917949, 0.5160124952703568], [-0.10706601988335361, 0.7011929382057436, 0.039051882939157144, -0.047857688644751276, -0.37557896121286155], [0.09747784112790892, 0.039051882939157144, 0.06506085965569398, 0.03653661800544124, 0.13060671469980553], [0.149919287991795, -0.047857688644751255, 0.03653661800544126, 0.7210067338812652, 0.07011039355520503], [0.5160124952703568, -0.37557896121286155, 0.13060671469980553, 0.07011039355520496, 1.156554447153832]], [[0.5390319382217232, -0.06534679393088892, -0.0809837723448181, 0.32066697516060866, 0.49932735588835997], [-0.06534679393088895, 0.2391547846168591, 0.08325063556145715, -0.11460756496307106, -0.02591823725678519], [-0.08098377234481807, 0.08325063556145715, 3.9767881650149883, -0.44264499911325783, -0.12276565470733156], [0.32066697516060866, -0.11460756496307106, -0.44264499911325783, 0.5888325581889038, 0.3399925806974607], [0.49932735588835997, -0.025918237256785194, -0.12276565470733156, 0.3399925806974607, 0.6934789816658145]], [[11.541745824284991, -4.897348913355575, -1.1610610479782117, 2.6497801975212742, 3.3036745449659852], [-4.897348913355575, 5.678225664586645, 0.6097534720232243, -2.871481279334555, -1.1411182294860371], [-1.1610610479782117, 0.6097534720232243, 0.17628872348949506, -0.16707316625436433, -0.305020945420716], [2.6497801975212742, -2.871481279334555, -0.16707316625436433, 2.1308228370431825, 0.7407268863994548], [3.3036745449659852, -1.1411182294860371, -0.305020945420716, 0.7407268863994548, 1.255573175644743]]], "transmat": [[0.9736532168211328, 0.01684908930744383, 0.008562731590305664, 0.0009349622811176379], [0.026612877584531854, 0.9653822134023708, 0.008004909013097326, 1.5868241295734732e-93], [0.016792894084434518, 0.005803903345437476, 0.9738836456604725, 0.0035195569096557453], [3.5341206527847064e-25, 0.035499395524327314, 4.6443495523232525e-117, 0.9645006044756728]], "startprob": [0.0, 0.0, 1.0, 0.0], "n_components": 4, "scaler_mean": [0.1257875674641021, 0.14509019128088407, 1.0463571919855115, 2.8687509383909404, 0.5508216926869351], "scaler_scale": [0.5391417429015641, 0.06696555692615948, 0.45831642568562403, 6.2955377944609605, 0.09839166074897247], "feature_cols": ["rolling_return", "volatility", "volume_trend", "momentum_roc", "breadth"], "bic_score": 48549568.64520179}