{"means": [[0.0334192030759119, -0.38158179916436824, 0.021444091184868255, 0.057307063254293716, 0.07695858755085973], [0.024080734886535476, -0.37782241026109653, 0.021643245430458757, 0.05845311652764227, 0.07004457284608517], [-0.058058917087193615, 0.766828428432922, -0.04350871853671585, -0.11689249485036986, -0.14843815781897857]], "covars": [[[0.39984458127118405, -0.06489282850547778, -0.0320887085444611, 0.20258001163883668, 0.49210520604732255], [-0.06489282850547777, 0.17708261823376564, 0.049609394927544265, -0.07077904340476594, -0.09330333136164913], [-0.032088708544461116, 0.049609394927544265, 1.4527811231613161, -0.1618204498036372, -0.06538986318206763], [0.20258001163883668, -0.07077904340476593, -0.1618204498036372, 0.37830753336209505, 0.2502656324748587], [0.49210520604732255, -0.09330333136164909, -0.06538986318206759, 0.2502656324748587, 1.0645776553650184]], [[0.39474680400551504, -0.07258797158444398, -0.027763807360282614, 0.21021686458539188, 0.48836295930838286], [-0.07258797158444395, 0.1773661347664521, 0.04760196470403101, -0.07188385250781024, -0.09922183810381405], [-0.02776380736028262, 0.047601964704031, 1.4559693143835413, -0.15702058394290408, -0.06183297505066182], [0.21021686458539188, -0.07188385250781024, -0.1570205839429041, 0.3820042133061008, 0.25403644479766013], [0.48836295930838286, -0.09922183810381405, -0.06183297505066184, 0.25403644479766013, 1.0626816689431988]], [[2.2121502545641643, -0.9957030481212803, -0.11227183821955074, 1.0555231915432859, 0.9355015275139008], [-0.9957030481212803, 1.7824798891971725, 0.1844547050470379, -1.3808980482946054, -0.22875606847400695], [-0.11227183821955074, 0.18445470504703793, 0.0795694442861453, -0.12720730928437407, 0.00756674415265443], [1.0555231915432859, -1.3808980482946054, -0.12720730928437407, 2.2314156880655647, 0.4921331534865196], [0.9355015275139008, -0.22875606847400695, 0.007566744152654432, 0.4921331534865196, 0.8385659164463491]]], "transmat": [[2.1838921867631066e-07, 0.9999997746959416, 6.914839898773613e-09], [0.9697447357986239, 2.3814799853986536e-06, 0.030252882721390813], [0.030536984402325353, 1.2602775418905116e-06, 0.9694617553201328]], "startprob": [1.7848531735078762e-67, 1.0, 0.0], "n_components": 3, "scaler_mean": [0.1257875674641021, 0.14509019128088407, 1.0463571919855115, 2.8687509383909404, 0.5508216926869351], "scaler_scale": [0.5391417429015641, 0.06696555692615948, 0.45831642568562403, 6.2955377944609605, 0.09839166074897247], "feature_cols": ["rolling_return", "volatility", "volume_trend", "momentum_roc", "breadth"], "bic_score": 61815945.34610756}