{"means": [[0.0351341428944598, -0.38346820155819833, 0.022942983738485155, 0.059924353252761936, 0.07897441165952628], [0.025784464405633638, -0.3795911032284968, 0.022823728765171435, 0.06062765437859161, 0.0716111466130495], [-0.061669108366911515, 0.7724942106009527, -0.04633263279425454, -0.12204297987517986, -0.15244549122290588]], "covars": [[[0.40291585905031235, -0.06633740335045468, -0.02863104964734306, 0.20823635906314975, 0.4967455835722454], [-0.0663374033504547, 0.17579714208394115, 0.05268832780762964, -0.07367645473575793, -0.09500966022117642], [-0.02863104964734307, 0.05268832780762964, 1.4514025877840426, -0.15579068367766827, -0.06061501494427282], [0.20823635906314975, -0.07367645473575793, -0.1557906836776683, 0.38598194765792915, 0.25950498902262475], [0.4967455835722454, -0.09500966022117642, -0.06061501494427282, 0.2595049890226247, 1.0685245974637585]], [[0.3978009168297523, -0.07385776940002643, -0.025419489464351918, 0.2153567489103688, 0.4925274426845188], [-0.07385776940002643, 0.17628349850953953, 0.050545719273080575, -0.07475973082350412, -0.10095360798131725], [-0.025419489464351932, 0.05054571927308056, 1.45402451130813, -0.1516153010872179, -0.0579085345430408], [0.2153567489103688, -0.07475973082350412, -0.15161530108721788, 0.3883016116980889, 0.2618234277015528], [0.49252744268451876, -0.10095360798131725, -0.05790853454304077, 0.2618234277015528, 1.0652405168372514]], [[2.208426897951044, -0.9923325020310789, -0.1121718285324842, 1.0501757176428912, 0.9296606787656306], [-0.9923325020310789, 1.7768509504244396, 0.1846205323492322, -1.3730023664164606, -0.22424133382799277], [-0.1121718285324842, 0.1846205323492322, 0.08020582596252127, -0.1269097588591742, 0.00825499803802246], [1.0501757176428912, -1.3730023664164601, -0.1269097588591742, 2.2186593684810267, 0.48572098146737697], [0.9296606787656306, -0.22424133382799277, 0.00825499803802246, 0.48572098146737697, 0.8298740708971217]]], "transmat": [[2.38121040343111e-07, 0.999999761820272, 5.868759404277383e-11], [0.969403897740181, 2.442838683724072e-06, 0.030593659421135254], [0.030960567905156566, 2.3103291055674165e-06, 0.9690371217657379]], "startprob": [2.184655673886157e-70, 1.0, 0.0], "n_components": 3, "scaler_mean": [0.1263075476319484, 0.14502289076878863, 1.0477949258681554, 2.874259228512916, 0.5510069872585286], "scaler_scale": [0.539946696440382, 0.06698807295971303, 0.45712271481825056, 6.310518067364882, 0.09882173266225067], "feature_cols": ["rolling_return", "volatility", "volume_trend", "momentum_roc", "breadth"], "bic_score": 61739164.108224794}