{"means": [[-0.2075498806808204, 0.5448938370847954, 0.18769222380273604, -0.2423756665593556, -0.11992210974336699], [0.13556976602981735, -0.3559198866429284, -0.12259891830862221, 0.158317664645186, 0.07833207278356291]], "covars": [[[1.8911606345088285, -0.7435142820360708, -0.09740791476715141, 0.8991435286736897, 0.934154701144437], [-0.7435142820360708, 1.7736355433054727, 0.021970021412161193, -1.1039590428750359, -0.176489702047183], [-0.09740791476715141, 0.021970021412161193, 2.4288630294259486, -0.27211954102022873, -0.0591220589326665], [0.8991435286736897, -1.1039590428750359, -0.2721195410202287, 1.714422897417417, 0.5318226965507401], [0.934154701144437, -0.17648970204718303, -0.05912205893266651, 0.5318226965507401, 0.8516700013709365]], [[0.37139861057330653, -0.051261070994793254, 0.017332100898791114, 0.17392209981279189, 0.42680083711398886], [-0.051261070994793254, 0.17406410360931765, 0.0041499365488741275, -0.045733200133103384, -0.14179192782085792], [0.01733210089879111, 0.004149936548874138, 0.028651402871410464, -0.00636227610626884, 0.00906135421693303], [0.17392209981279194, -0.045733200133103384, -0.006362276106268836, 0.4699219718018417, 0.19260306997852386], [0.42680083711398886, -0.14179192782085792, 0.009061354216933023, 0.19260306997852386, 1.0813717859184067]]], "transmat": [[0.9811186296357334, 0.01888137036426659], [0.012320316272616028, 0.987679683727384]], "startprob": [1.0, 2.765379866886333e-301], "n_components": 2, "scaler_mean": [0.12655140060450196, 0.1450081521010096, 1.0481613127591367, 2.877716101068762, 0.551068639539663], "scaler_scale": [0.5401818320709716, 0.06699107777371048, 0.4567985295249939, 6.316713037048946, 0.09893020356614803], "feature_cols": ["rolling_return", "volatility", "volume_trend", "momentum_roc", "breadth"], "bic_score": 57886255.658391856}