{"means": [[0.13799747279734015, -0.4053799549948109, -0.11982026601622792, 0.13089278443935934, 0.1209188053174566], [0.0224859176041957, -0.25666998165297217, 2.8763646739568616, -0.1630066368275469, -0.10492889022115806], [-0.13807986951171403, 0.41928717252696623, -0.4257342093274686, 0.0645778335465015, -0.1498539360799753], [-1.3206232702791605, 4.296756230641176, 0.3069143390964711, -3.8159166987283943, -0.26930502537325923]], "covars": [[[0.36663622102354443, -0.05373482672447666, 0.018680792787692718, 0.14540075681042744, 0.43664441257664405], [-0.05373482672447666, 0.14879004912747007, 0.0018242504816582616, -0.05973863459210033, -0.13474665341345027], [0.018680792787692718, 0.0018242504816582616, 0.023275347454617887, -0.0068646355878476, 0.006195775271543129], [0.14540075681042744, -0.05973863459210033, -0.0068646355878476, 0.42479077684592764, 0.1906304339849813], [0.43664441257664405, -0.13474665341345024, 0.0061957752715431315, 0.1906304339849813, 1.1242983777317663]], [[0.36248842919099183, 0.013205746659765002, -0.09098412523372425, 0.14989874849994186, 0.34445828305764503], [0.013205746659764997, 0.23773919248568032, 0.02067919079978011, -0.12630980685782048, 0.015775985534531307], [-0.09098412523372425, 0.02067919079978011, 0.2577420026116541, -0.10889947656574074, -0.0858586490035106], [0.14989874849994186, -0.12630980685782048, -0.10889947656574066, 0.4644886003204882, 0.2482740617565741], [0.34445828305764503, 0.0157759855345313, -0.08585864900351069, 0.24827406175657404, 0.6419509339820317]], [[1.040322373173377, -0.21433916373542508, -0.08089518210269993, 0.6539929691219332, 0.7387032034145133], [-0.21433916373542508, 0.6889990945194189, 0.33912651467373667, -0.2939143808513148, -0.07385350102472098], [-0.08089518210269993, 0.33912651467373667, 0.8046126873274987, -0.12746425004576972, -0.03270197286090658], [0.6539929691219332, -0.2939143808513148, -0.12746425004576972, 1.0943074232175867, 0.5027857853433999], [0.7387032034145133, -0.07385350102472098, -0.03270197286090658, 0.5027857853433999, 0.8039081780122255]], [[15.972958860731223, -5.455748745395829, -1.6555217075039246, 2.4966581795381866, 4.226836069853726], [-5.455748745395829, 4.456360882661903, 0.7833052736872677, -1.3915259288782815, -1.21458789040036], [-1.6555217075039246, 0.7833052736872677, 0.2157193109802166, -0.27771126597108586, -0.4086593376816052], [2.4966581795381866, -1.3915259288782815, -0.27771126597108586, 0.6667669482704065, 0.7090627204709083], [4.226836069853726, -1.21458789040036, -0.4086593376816052, 0.7090627204709083, 1.4028496061023306]]], "transmat": [[0.9855894207756117, 0.003601347663657502, 0.01080923156073083, 6.608917858061519e-162], [0.005595866347576885, 0.9490865587477231, 0.045317574904700106, 1.0079550284620599e-239], [0.021263217226407505, 0.0059746152157069046, 0.9716018942374698, 0.0011602733204157628], [1.5207094396565268e-73, 5.545879939402612e-205, 0.018878839069069304, 0.9811211609309307]], "startprob": [0.0, 0.0, 1.0, 0.0], "n_components": 4, "scaler_mean": [0.12655140060450196, 0.1450081521010096, 1.0481613127591367, 2.877716101068762, 0.551068639539663], "scaler_scale": [0.5401818320709716, 0.06699107777371048, 0.4567985295249939, 6.316713037048946, 0.09893020356614803], "feature_cols": ["rolling_return", "volatility", "volume_trend", "momentum_roc", "breadth"], "bic_score": 49061323.44058083}