{"means": [[0.06300338978898469, -0.5237087021301678, -0.40473339716200396, 0.2031714206872685, 0.13476371507248477], [0.0732851905670921, -0.5321697087192507, -0.41031624865014377, 0.20837637638280296, 0.14707788658764764], [0.014980140241843158, -0.2305688889001249, 2.9028275297377197, -0.1910420380728886, -0.11143703087525562], [-0.014916087687595468, 0.45176721339418585, -0.033582686767543564, -0.012585097578733556, -0.1367284102110543], [-1.3246440654195606, 4.2989564466938575, 0.31002587658607395, -3.825875809073712, -0.270836669727323]], "covars": [[[0.41258694308114824, -0.06759626409004083, -0.0018907844445051481, 0.2411362396750851, 0.5521673069048786], [-0.06759626409004084, 0.1151740732926665, -0.06903542334252537, -0.041180425019886405, -0.10105674107563592], [-0.0018907844445051481, -0.06903542334252537, 0.5077101076750375, -0.05022424544615395, 0.04245999871574072], [0.2411362396750851, -0.04118042501988638, -0.05022424544615395, 0.4390242118212722, 0.2695385522957741], [0.5521673069048787, -0.10105674107563598, 0.04245999871574072, 0.2695385522957741, 1.2203099381222215]], [[0.40830643840984493, -0.06401082357020776, 0.0019130870826738755, 0.23148181097005185, 0.5466728770267844], [-0.06401082357020774, 0.11123185049719864, -0.06629135907095202, -0.03903869431536352, -0.09589414063220106], [0.001913087082673864, -0.06629135907095202, 0.5226039963335609, -0.03908009701131921, 0.04875400451636026], [0.23148181097005185, -0.03903869431536352, -0.03908009701131923, 0.43297079850353287, 0.25810288588338665], [0.5466728770267844, -0.09589414063220106, 0.04875400451636026, 0.25810288588338665, 1.2050235110503937]], [[0.3552979081092018, -0.005749505309053705, -0.09511072288345893, 0.14002987403656916, 0.31835133674143395], [-0.005749505309053707, 0.28367959650435065, 0.016940045001878186, -0.1584567659622712, 0.012444712719190778], [-0.09511072288345888, 0.016940045001878103, 0.21915315971370988, -0.09874816316687211, -0.08073873675636599], [0.14002987403656916, -0.1584567659622712, -0.09874816316687211, 0.45271816582256624, 0.207124154201549], [0.31835133674143395, 0.012444712719190778, -0.08073873675636599, 0.207124154201549, 0.5939591380016012]], [[0.9312018328290452, -0.2471614200082285, 0.01589498307292908, 0.47058948585957566, 0.588414969008916], [-0.2471614200082285, 0.4846912505515846, 0.02704350136168581, -0.18762553058557963, -0.08942479892749297], [0.01589498307292908, 0.027043501361685818, 0.07647841760368707, -0.008691932057230423, 0.01843570024461205], [0.4705894858595756, -0.18762553058557963, -0.008691932057230423, 0.9623263236966466, 0.34528055048881534], [0.5884149690089162, -0.08942479892749297, 0.018435700244612042, 0.3452805504888154, 0.7432467197585847]], [[16.02291371270992, -5.462547607266991, -1.6538032795789452, 2.5027652741253683, 4.248446551367324], [-5.462547607266991, 4.459491206096474, 0.7812426859569919, -1.3941265072608753, -1.2162337074012481], [-1.6538032795789452, 0.7812426859569919, 0.2145209132308743, -0.2774070603117815, -0.40936002699783225], [2.5027652741253683, -1.3941265072608753, -0.2774070603117815, 0.6688209090770602, 0.710591658926726], [4.248446551367323, -1.2162337074012481, -0.40936002699783225, 0.710591658926726, 1.4129594630804512]]], "transmat": [[6.317833800689617e-09, 0.9538672825367568, 0.008913843990698294, 0.037218867154711115, 0.0], [0.9824277849610972, 0.017570376735211772, 4.069577228944196e-09, 1.8342341139811506e-06, 0.0], [2.3293969426267288e-14, 0.04559258459624891, 0.9487568525009744, 0.005650562902753455, 0.0], [8.281756010868799e-08, 0.019616027977768694, 0.0037071175579435137, 0.9756747669654796, 0.0010020046812481546], [0.0, 0.0, 0.0, 0.018884112748768594, 0.9811158872512314]], "startprob": [1.0, 9.868182575056075e-58, 0.0, 0.0, 0.0], "n_components": 5, "scaler_mean": [0.12615761063427786, 0.14507499843805274, 1.0463699966562474, 2.8744640113857316, 0.5509445585215605], "scaler_scale": [0.5393400949941224, 0.06695600047378829, 0.4582196857431396, 6.300552612962515, 0.09855803805190536], "feature_cols": ["rolling_return", "volatility", "volume_trend", "momentum_roc", "breadth"], "bic_score": 52805568.538505875}