{"means": [[0.03621822443472288, -0.3837591697868906, 0.021764871986789353, 0.06208372968585928, 0.08022012175076522], [0.026626575438661027, -0.3804363721387036, 0.024299688413131078, 0.061744171859944914, 0.07208545355178], [-0.06383363314331224, 0.7761890859440527, -0.04678677190723433, -0.12577124473126816, -0.15469793599125972]], "covars": [[[0.40359072638968924, -0.06638661760079054, -0.029000364233019025, 0.21034290159834657, 0.49761242284054713], [-0.06638661760079054, 0.17557451936960075, 0.052700036280848656, -0.07396224972436, -0.09496271291649568], [-0.02900036423301904, 0.052700036280848656, 1.4508196508202522, -0.15613433585949202, -0.060974823599170565], [0.2103429015983466, -0.07396224972436, -0.15613433585949202, 0.3895149957322509, 0.2625013571213114], [0.49761242284054713, -0.09496271291649563, -0.06097482359917059, 0.2625013571213114, 1.0681485971357396]], [[0.3992069175146175, -0.07423764692082573, -0.024460070384302902, 0.21777200295079366, 0.49426869962707576], [-0.07423764692082575, 0.17597320648398074, 0.0516605452000847, -0.07575932581264158, -0.10157493248672435], [-0.024460070384302906, 0.051660545200084694, 1.4513538555632723, -0.14887169229073624, -0.05544040745101159], [0.21777200295079366, -0.0757593258126416, -0.1488716922907362, 0.3916401755378851, 0.26479558564155614], [0.49426869962707576, -0.10157493248672435, -0.05544040745101158, 0.26479558564155614, 1.0664713292867978]], [[2.209899093071295, -0.9916604469135024, -0.11215330175442557, 1.04865033732359, 0.9285432871559174], [-0.9916604469135024, 1.7753036189659688, 0.18463268545961037, -1.3698463058216657, -0.22194129091031345], [-0.11215330175442556, 0.18463268545961037, 0.08043620771284624, -0.12664309949186897, 0.008700577073659767], [1.04865033732359, -1.3698463058216657, -0.12664309949186897, 2.214404845907577, 0.4831059989398899], [0.9285432871559174, -0.22194129091031345, 0.008700577073659767, 0.4831059989398899, 0.8275584811968502]]], "transmat": [[2.3989162674846275e-07, 0.9999997502853731, 9.823000163535843e-09], [0.9692341993031394, 2.8421783216395117e-06, 0.030762958518538934], [0.0312148325087476, 1.0255455245654442e-06, 0.9687841419457278]], "startprob": [1.0, 2.9043774314408872e-68, 0.0], "n_components": 3, "scaler_mean": [0.12655140060450196, 0.1450081521010096, 1.0481613127591367, 2.877716101068762, 0.551068639539663], "scaler_scale": [0.5401818320709716, 0.06699107777371048, 0.4567985295249939, 6.316713037048946, 0.09893020356614803], "feature_cols": ["rolling_return", "volatility", "volume_trend", "momentum_roc", "breadth"], "bic_score": 61740616.2246823}